<?xml version="1.0" encoding="UTF-8"?>
<!DOCTYPE lugares [
    <!ELEMENT lugares (paises, ciudades)>
    <!ELEMENT paises (pais)*>
    <!ELEMENT pais (#PCDATA)>
    <!ATTLIST pais codpais ID #REQUIRED>
    <!ELEMENT ciudades (ciudad)*>
    <!ELEMENT ciudad (#PCDATA)>
    <!ATTLIST ciudad pais IDREF #IMPLIED>
    ]>

<lugares>
  <paises>
    <pais codpais="1">Argentina</pais>
    <pais codpais="2">Austria</pais>
    <pais codpais="3">Japón</pais>
    <pais codpais="4">Noruega</pais>
  </paises>
  <ciudades>
    <ciudad pais="3">Osaka</ciudad>
    <ciudad>Oslo</ciudad>
    <ciudad pais="">Sevilla</ciudad>
    <ciudad pais="3">Tokio</ciudad>
    <ciudad pais="2">Viena</ciudad>
  </ciudades>
</lugares>