<?xml version="1.0" encoding="UTF-8" ?>
<libreria xmlns:xsi="http://www.w3.org/2001/XMLSchema-instance" xsi:noNamespaceSchemaLocation="06_libreria.xsd">
  <libro>
    <titulo>Lenguaje de marcas</titulo>
    <titulo>Autor1</titulo>
    <titulo>Autor2</titulo>
    <ISBN></ISBN>
    <paginas>158</paginas>
    <precio>15</precio>
  </libro>
  <libro>
    <titulo>XML</titulo>
    <titulo>Autor1</titulo>
    <ISBN></ISBN>
    <paginas>278</paginas>
    <precio>30</precio>
  </libro>
</libreria>